{
  "privacy_group_1": [
    1.0,
    2.333333333333333,
    3.6666666666666665,
    5.0
  ],
  "privacy_group_2": [
    1.0,
    2.333333333333333,
    3.6666666666666665,
    5.0
  ],
  "portion_size_var": [
    0.05,
    0.15,
    0.25,
    0.35,
    0.44999999999999996,
    0.5499999999999999,
    0.65,
    0.75,
    0.85,
    0.95
  ],
  "default_sample_rate": 0.001,
  "n_steps": 10000,
  "deltas": [
    1e-08,
    1.3894954943731388e-08,
    1.9306977288832496e-08,
    2.682695795279727e-08,
    3.7275937203149377e-08,
    5.1794746792312124e-08,
    7.196856730011513e-08,
    1e-07,
    1.389495494373136e-07,
    1.9306977288832497e-07,
    2.6826957952797275e-07,
    3.727593720314938e-07,
    5.179474679231213e-07,
    7.196856730011514e-07,
    1e-06,
    1.389495494373136e-06,
    1.9306977288832498e-06,
    2.6826957952797274e-06,
    3.727593720314938e-06,
    5.179474679231202e-06,
    7.196856730011514e-06,
    9.999999999999999e-06,
    1.389495494373136e-05,
    1.9306977288832496e-05,
    2.6826957952797274e-05,
    3.727593720314938e-05,
    5.179474679231202e-05,
    7.196856730011514e-05,
    0.0001,
    0.0001389495494373136,
    0.00019306977288832496,
    0.0002682695795279722,
    0.0003727593720314938,
    0.0005179474679231213,
    0.0007196856730011514,
    0.001,
    0.001389495494373136,
    0.0019306977288832496,
    0.002682695795279722,
    0.003727593720314938,
    0.005179474679231202,
    0.007196856730011514,
    0.01,
    0.01389495494373136,
    0.019306977288832496,
    0.026826957952797218,
    0.03727593720314938,
    0.05179474679231202,
    0.07196856730011514,
    0.1
  ]
}