{
  "args": {
    "accountant": "rdp",
    "individualize": "clipping",
    "weights": null,
    "adapt_weights_to_budgets": true,
    "target_delta": 1e-05,
    "epochs": 100,
    "max_grad_norm": 1.0,
    "noise_multiplier": 1.0,
    "n_data": 10000
  },
  "privacy_group_fixed": [
    1.0,
    20.0
  ],
  "privacy_group_var": [
    1.0,
    7.333333333333333,
    13.666666666666666,
    20.0
  ],
  "portion_size_var": [
    0.0,
    0.3,
    0.6,
    0.9
  ],
  "deltas": [
    1e-10,
    2.6366508987303556e-10,
    6.951927961775591e-10,
    1.8329807108324374e-09,
    4.832930238571752e-09,
    1.274274985703132e-08,
    3.359818286283781e-08,
    8.858667904100832e-08,
    2.3357214690901212e-07,
    6.158482110660254e-07,
    1.6237767391887209e-06,
    4.281332398719396e-06,
    1.1288378916846883e-05,
    2.976351441631313e-05,
    7.847599703514606e-05,
    0.00020691380811147902,
    0.0005455594781168515,
    0.00143844988828766,
    0.003792690190732246,
    0.01
  ]
}