{
  "args": {
    "accountant": "rdp",
    "individualize": "clipping",
    "weights": null,
    "adapt_weights_to_budgets": true,
    "target_delta": 1e-05,
    "epochs": 100,
    "max_grad_norm": 1.0,
    "noise_multiplier": 1.0,
    "n_data": 10000
  },
  "privacy_group_1": [
    2.0,
    10.0,
    18.0
  ],
  "privacy_group_2": [
    0.1,
    0.3375,
    0.575,
    0.8124999999999999,
    1.05,
    1.2875,
    1.525,
    1.7625,
    2.0
  ],
  "portion_size_var": [
    0.01,
    0.01888888888888889,
    0.027777777777777776,
    0.03666666666666667,
    0.04555555555555556,
    0.05444444444444445,
    0.06333333333333332,
    0.07222222222222222,
    0.0811111111111111,
    0.09
  ],
  "deltas": [
    9.999999999999999e-31,
    3.906939937054621e-30,
    1.5264179671752366e-29,
    5.963623316594661e-29,
    2.329951810515381e-28,
    9.10298177991519e-28,
    3.556480306223121e-27,
    1.389495494373136e-26,
    5.428675439323859e-26,
    2.1209508879201926e-25,
    8.28642772854686e-25,
    3.2374575428176267e-24,
    1.2648552168552906e-23,
    4.941713361323818e-23,
    1.9306977288832455e-22,
    7.543120063354607e-22,
    2.9470517025518097e-21,
    1.151395399326448e-20,
    4.498432668969453e-20,
    1.7575106248547966e-19,
    6.866488450043027e-19,
    2.6826957952797383e-18,
    1.0481131341546831e-17,
    4.094915062380419e-17,
    1.5998587196060572e-16,
    6.250551925273976e-16,
    2.4420530945486546e-15,
    9.540954763499925e-15,
    3.7275937203149227e-14,
    1.4563484775012384e-13,
    5.689866029018282e-13,
    2.222996482526191e-12,
    8.685113737513521e-12,
    3.3932217718953296e-11,
    1.3257113655901109e-10,
    5.179474679231223e-10,
    2.023589647725164e-09,
    7.906043210907669e-09,
    3.0888435964774724e-08,
    1.2067926406393264e-07,
    4.7148663634573897e-07,
    1.8420699693267164e-06,
    7.196856730011529e-06,
    2.8117686979742365e-05,
    0.00010985411419875528,
    0.0004291934260128761,
    0.0016768329368110032,
    0.006551285568595496,
    0.025595479226995333,
    0.1
  ]
}